fecha,indicativo,nombre,provincia,altitud,tmed,prec,tmin,horatmin,tmax,horatmax,dir,velmedia,racha,horaracha,presMax,horaPresMax,presMin,horaPresMin,hrMedia,hrMax,horaHrMax,hrMin,horaHrMin
2020-02-01,3195,"MADRID, RETIRO",MADRID,667,"14,0","0,0","10,4",23:00,"17,5",13:30,23,"2,8","8,1",14:30,"950,7",24,"945,1",06,85,98,Varias,69,13:00
2020-02-02,3195,"MADRID, RETIRO",MADRID,667,"11,6","0,0","10,6",Varias,"12,7",15:50,04,"0,6","3,9",23:59,"954,2",23,"951,2",03,77,87,Varias,69,15:30
2020-02-03,3195,"MADRID, RETIRO",MADRID,667,"12,8","0,0","8,1",09:10,"17,4",16:15,05,"0,6","4,7",02:00,"954,2",00,"951,3",18,65,86,23:30,45,14:00
2020-02-04,3195,"MADRID, RETIRO",MADRID,667,"11,6","0,0","6,5",06:20,"16,8",15:50,04,"1,7","10,0",20:00,"952,9",00,"949,3",16,65,86,Varias,38,18:00
2020-02-05,3195,"MADRID, RETIRO",MADRID,667,"8,8","0,0","4,7",08:00,"13,0",Varias,10,"1,1","7,5",02:00,"951,5",09,"947,0",17,40,60,07:10,27,14:40
2020-02-06,3195,"MADRID, RETIRO",MADRID,667,"7,4","0,0","4,5",06:10,"10,2",Varias,04,"0,8","5,3",02:30,"948,2",11,"944,6",16,82,89,11:00,51,00:00
2020-02-07,3195,"MADRID, RETIRO",MADRID,667,"8,4","0,0","5,2",08:20,"11,6",15:20,23,"0,8","4,7",16:40,"946,9",11,"944,8",15,68,81,Varias,59,15:10
2020-02-08,3195,"MADRID, RETIRO",MADRID,667,"8,6",Ip,"6,2",02:15,"11,0",16:45,26,"0,3","5,3",17:00,"949,7",23,"945,4",04,74,87,07:30,67,12:00
2020-02-09,3195,"MADRID, RETIRO",MADRID,667,"9,4","0,0","7,5",05:00,"11,4",16:30,24,"0,8","4,7",15:30,"953,0",23,"948,0",04,72,86,02:10,64,15:00
2020-02-10,3195,"MADRID, RETIRO",MADRID,667,"11,4","0,0","7,2",08:00,"15,5",16:10,99,"0,6","3,6",Varias,"955,4",11,"951,5",17,71,88,Varias,58,13:50
2020-02-11,3195,"MADRID, RETIRO",MADRID,667,"10,2","0,0","7,5",03:00,"13,0",15:30,15,"0,6","3,1",16:20,"952,2",00,"946,7",24,91,97,Varias,76,15:00
2020-02-12,3195,"MADRID, RETIRO",MADRID,667,"10,5","0,0","9,7",Varias,"11,3",12:30,15,"0,8","3,9",18:40,"947,2",13,"944,0",06,76,84,06:30,72,Varias
2020-02-13,3195,"MADRID, RETIRO",MADRID,667,"11,0","0,0","7,8",23:59,"14,3",14:45,22,"1,4","6,1",15:30,"947,8",Varias,"944,3",04,67,85,23:59,53,15:20
2020-02-14,3195,"MADRID, RETIRO",MADRID,667,"10,2","0,0","6,9",08:00,"13,5",15:10,13,"0,6","4,4",12:10,"949,4",10,"947,1",18,68,89,04:30,51,Varias
2020-02-15,3195,"MADRID, RETIRO",MADRID,667,"10,2","0,0","4,9",07:10,"15,4",15:40,23,"0,8","5,0",15:00,"950,2",24,"947,7",Varias,60,85,05:10,43,15:50
2020-02-16,3195,"MADRID, RETIRO",MADRID,667,"11,2","0,0","5,4",07:50,"17,0",16:20,24,"1,7","9,2",15:40,"950,4",10,"946,8",15,75,96,08:00,56,Varias
2020-02-17,3195,"MADRID, RETIRO",MADRID,667,"10,4","0,0","6,8",04:40,"14,0",16:10,07,"0,8","6,9",22:50,"952,0",24,"948,0",05,75,89,06:30,55,23:00
2020-02-18,3195,"MADRID, RETIRO",MADRID,667,"9,6","0,0","5,7",06:30,"13,4",16:20,02,"1,4","8,3",10:20,"953,4",10,"950,7",16,53,65,05:30,47,16:30
2020-02-19,3195,"MADRID, RETIRO",MADRID,667,"9,0","0,0","3,9",05:20,"14,2",16:30,05,"1,7","6,9",02:00,"954,3",Varias,"949,6",24,42,62,05:30,27,16:30
2020-02-20,3195,"MADRID, RETIRO",MADRID,667,"9,6","0,0","3,6",07:20,"15,6",16:10,99,"1,1","4,7",Varias,"949,4",00,"945,9",Varias,41,61,07:20,28,16:30
2020-02-21,3195,"MADRID, RETIRO",MADRID,667,"11,1","0,0","3,9",05:20,"18,3",13:40,05,"0,8","6,7",00:50,"952,1",24,"948,0",00,44,57,08:00,36,Varias
2020-02-22,3195,"MADRID, RETIRO",MADRID,667,"12,6","0,0","5,2",07:30,"20,0",16:00,04,"0,8","5,3",22:30,"954,7",10,"951,8",Varias,35,58,08:10,23,15:40
2020-02-23,3195,"MADRID, RETIRO",MADRID,667,"13,9","0,0","7,6",07:45,"20,2",13:45,06,"0,8","8,6",02:40,"956,2",10,"952,5",24,29,40,Varias,23,15:40
2020-02-24,3195,"MADRID, RETIRO",MADRID,667,"13,4","0,0","6,6",06:55,"20,1",13:40,24,"1,1","5,6",14:20,"952,6",00,"944,6",24,33,47,23:10,25,Varias
2020-02-25,3195,"MADRID, RETIRO",MADRID,667,"12,3","0,0","5,6",08:10,"19,0",13:40,32,"2,5","9,7",14:20,"945,2",00,"941,6",14,47,70,07:40,23,12:30
2020-02-26,3195,"MADRID, RETIRO",MADRID,667,"11,0","0,0","6,5",07:00,"15,5",Varias,31,"3,1","10,8",05:20,"944,8",10,"941,6",04,52,67,07:00,38,16:00
2020-02-27,3195,"MADRID, RETIRO",MADRID,667,"12,4","0,0","6,4",04:00,"18,5",14:10,28,"3,9","11,9",13:00,"945,0",22,"942,7",03,42,62,Varias,28,16:30
2020-02-28,3195,"MADRID, RETIRO",MADRID,667,"12,8","0,0","7,4",07:40,"18,2",16:02,32,"1,1","5,8",00:10,"946,2",01,"937,5",24,42,62,08:00,32,15:30
2020-02-29,3195,"MADRID, RETIRO",MADRID,667,"10,3","0,0","7,4",07:40,"13,2",13:05,24,"4,4","14,4",14:00,"938,0",00,"935,8",18,66,81,09:00,50,00:00
2020-03-01,3195,"MADRID, RETIRO",MADRID,667,"11,8","2,2","8,3",03:10,"15,2",16:00,24,"4,2","13,9",17:20,"938,3",10,"929,1",24,84,,,,
2020-03-02,3195,"MADRID, RETIRO",MADRID,667,"9,5","0,0","6,3",23:59,"12,7",12:20,26,"4,7","20,0",00:50,"939,8",22,"923,9",05,52,87,06:10,30,15:00
2020-03-03,3195,"MADRID, RETIRO",MADRID,667,"9,8","0,0","5,2",06:10,"14,4",15:50,25,"3,1","11,4",10:50,"942,3",24,"938,6",14,66,79,Varias,43,00:00
2020-03-04,3195,"MADRID, RETIRO",MADRID,667,"14,9","0,0","10,6",07:00,"19,2",13:15,28,"2,8","10,8",13:40,"944,1",11,"940,5",24,53,84,Varias,34,13:20
2020-03-05,3195,"MADRID, RETIRO",MADRID,667,"12,0","0,5","8,1",23:59,"15,9",13:30,29,"4,4","16,1",14:40,"940,5",00,"935,1",13,48,84,Varias,30,13:20
2020-03-06,3195,"MADRID, RETIRO",MADRID,667,"9,6","0,0","6,2",04:20,"13,0",16:10,30,"4,2","16,9",10:00,"945,9",24,"937,8",05,42,62,04:20,28,16:00
2020-03-07,3195,"MADRID, RETIRO",MADRID,667,"9,6","0,0","3,5",06:20,"15,8",16:00,35,"1,7","6,9",12:20,"948,6",10,"945,7",03,55,66,07:00,37,00:00
2020-03-08,3195,"MADRID, RETIRO",MADRID,667,"9,4","0,0","3,5",07:00,"15,2",15:50,28,"1,4","10,3",23:10,"948,6",10,"944,7",15,52,75,06:50,38,13:40
2020-03-09,3195,"MADRID, RETIRO",MADRID,667,"12,1","0,0","7,7",07:20,"16,5",14:10,33,"1,7","11,1",00:40,"948,9",11,"946,2",Varias,40,61,07:50,30,16:40
2020-03-10,3195,"MADRID, RETIRO",MADRID,667,"14,8","0,0","7,4",05:30,"22,3",16:00,24,"1,1","5,8",17:10,"949,8",12,"947,0",18,42,59,Varias,31,16:50
2020-03-11,3195,"MADRID, RETIRO",MADRID,667,"16,9","0,0","9,8",06:00,"24,0",13:50,19,"0,8","4,2",15:20,"948,8",10,"944,8",Varias,45,66,06:20,33,Varias
2020-03-12,3195,"MADRID, RETIRO",MADRID,667,"18,2","0,0","12,5",04:00,"24,0",16:00,99,"1,4","5,3",Varias,"945,1",00,"938,5",19,51,71,Varias,35,16:00
2020-03-13,3195,"MADRID, RETIRO",MADRID,667,"17,3","0,0","11,9",06:00,"22,7",13:40,05,"1,4","6,9",22:10,"940,9",Varias,"938,4",18,48,66,07:10,34,16:20
2020-03-14,3195,"MADRID, RETIRO",MADRID,667,"16,2","0,0","10,6",07:00,"21,8",16:10,04,"1,1","6,9",01:10,"943,7",Varias,"939,1",16,48,68,07:10,34,16:10
2020-03-15,3195,"MADRID, RETIRO",MADRID,667,"15,0","7,7","9,5",23:40,"20,5",13:40,28,"1,9","11,4",18:30,"939,2",00,"931,0",24,50,83,19:50,42,00:40
2020-03-16,3195,"MADRID, RETIRO",MADRID,667,"7,0","3,0","3,9",07:10,"10,2",14:30,13,"1,4","11,4",16:40,"940,7",24,"930,8",04,66,85,Varias,50,14:30
2020-03-17,3195,"MADRID, RETIRO",MADRID,667,"10,5","0,2","5,0",01:00,"16,0",Varias,12,"2,5","10,8",14:30,"948,2",21,"940,5",01,76,96,07:00,61,16:00
2020-03-18,3195,"MADRID, RETIRO",MADRID,667,"13,3","0,0","10,3",Varias,"16,3",15:40,04,"1,1","7,8",00:20,"948,5",09,"945,2",18,55,70,Varias,44,13:40
2020-03-19,3195,"MADRID, RETIRO",MADRID,667,"13,5","0,0","10,2",07:00,"16,8",13:30,17,"1,7","8,3",19:20,"945,7",00,"939,9",17,47,68,03:10,40,15:30
2020-03-20,3195,"MADRID, RETIRO",MADRID,667,"10,8","0,0","9,2",23:30,"12,5",14:00,12,"2,8","7,8",23:30,"940,2",Varias,"937,6",23,58,66,Varias,55,Varias
2020-03-21,3195,"MADRID, RETIRO",MADRID,667,"8,2","2,2","7,2",23:20,"9,3",00:00,12,"1,4","7,2",01:20,"937,7",00,"933,7",16,75,86,11:50,64,Varias
2020-03-22,3195,"MADRID, RETIRO",MADRID,667,"9,8","9,5","6,7",06:40,"13,0",14:50,05,"1,9","7,2",11:50,"937,0",23,"932,8",15,81,90,Varias,64,16:00
2020-03-23,3195,"MADRID, RETIRO",MADRID,667,"10,8","4,0","7,2",06:00,"14,4",14:30,05,"1,9","11,1",09:40,"938,6",23,"936,0",Varias,67,88,Varias,45,15:00
2020-03-24,3195,"MADRID, RETIRO",MADRID,667,"12,0","0,0","8,5",06:20,"15,6",12:20,04,"2,2","8,9",07:40,"939,5",Varias,"936,7",16,57,76,Varias,40,12:20
2020-03-25,3195,"MADRID, RETIRO",MADRID,667,"11,7","0,0","6,4",06:20,"17,0",15:20,99,"2,2","7,5",Varias,"939,7",01,"934,3",24,52,75,06:10,34,19:20
2020-03-26,3195,"MADRID, RETIRO",MADRID,667,"10,0","0,0","4,0",06:20,"15,9",14:10,04,"2,8","9,7",16:30,"934,2",00,"931,0",16,26,70,00:50,19,13:00
2020-03-27,3195,"MADRID, RETIRO",MADRID,667,"6,2","0,0","2,0",08:40,"10,3",16:10,04,"2,8","9,7",06:10,"937,2",24,"931,5",02,59,83,08:30,39,00:00
2020-03-28,3195,"MADRID, RETIRO",MADRID,667,"9,2","0,0","2,6",05:00,"15,7",14:50,03,"1,9","7,2",08:20,"940,5",22,"937,0",00,43,81,Varias,25,11:50
2020-03-29,3195,"MADRID, RETIRO",MADRID,667,"12,2","0,0","5,0",05:15,"19,3",13:45,04,"1,4","9,2",23:59,"941,5",09,"936,9",24,38,72,05:00,27,Varias
2020-03-30,3195,"MADRID, RETIRO",MADRID,667,"5,6","9,8","0,5",23:50,"10,8",00:00,05,"4,2","11,9",20:00,"937,0",00,"932,4",24,65,89,23:30,43,00:00
2020-03-31,3195,"MADRID, RETIRO",MADRID,667,"4,8","18,2","0,1",03:40,"9,6",16:20,05,"2,8","11,1",01:00,"932,7",23,"928,9",15,88,89,Varias,87,Varias
2020-04-01,3195,"MADRID, RETIRO",MADRID,667,"9,6","0,9","5,7",23:40,"13,5",15:10,25,"1,7","7,5",16:00,"933,8",10,"931,4",04,59,88,Varias,40,16:40
2020-04-02,3195,"MADRID, RETIRO",MADRID,667,"9,3","0,0","3,4",05:00,"15,2",13:10,04,"2,8","9,7",14:30,"937,2",23,"932,2",03,52,81,05:00,37,15:20
2020-04-03,3195,"MADRID, RETIRO",MADRID,667,"11,4","0,0","5,0",06:15,"17,7",14:30,20,"1,1","7,2",14:00,"940,3",10,"937,4",04,38,77,06:00,23,18:00
2020-04-04,3195,"MADRID, RETIRO",MADRID,667,"12,2","0,0","5,8",04:40,"18,5",13:40,14,"3,6","11,4",13:10,"939,8",10,"937,2",16,43,62,04:50,31,Varias
2020-04-05,3195,"MADRID, RETIRO",MADRID,667,"14,2","0,8","8,9",06:10,"19,4",14:00,16,"1,7","7,2",01:30,"940,4",09,"937,4",18,53,73,06:10,40,Varias
2020-04-06,3195,"MADRID, RETIRO",MADRID,667,"14,8","7,2","11,6",07:00,"17,9",14:20,24,"1,9","7,5",15:00,"944,7",24,"939,2",Varias,57,86,Varias,42,14:30
2020-04-07,3195,"MADRID, RETIRO",MADRID,667,"14,0","6,7","10,6",03:50,"17,3",13:00,21,"1,1","6,1",13:50,"946,3",23,"943,7",03,72,88,Varias,51,13:10
2020-04-08,3195,"MADRID, RETIRO",MADRID,667,"16,1","0,0","10,6",06:30,"21,6",13:45,26,"1,1","6,1",16:10,"947,0",00,"942,1",16,54,95,00:00,32,17:10
2020-04-09,3195,"MADRID, RETIRO",MADRID,667,"13,1","14,2","11,0",23:40,"15,2",15:40,18,"1,4","6,4",21:20,"943,8",Varias,"941,4",16,62,85,23:30,42,10:50
2020-04-10,3195,"MADRID, RETIRO",MADRID,667,"11,9","2,7","10,0",06:40,"13,8",15:00,16,"1,1","6,7",20:50,"944,5",21,"942,0",04,82,87,Varias,70,23:30
2020-04-11,3195,"MADRID, RETIRO",MADRID,667,"14,8","0,2","11,2",04:40,"18,3",16:40,13,"1,4","5,8",22:50,"943,6",10,"940,4",18,56,77,Varias,40,17:00
2020-04-12,3195,"MADRID, RETIRO",MADRID,667,"15,0","2,4","10,0",04:00,"20,0",14:05,16,"1,1","8,3",22:50,"942,0",00,"932,7",24,38,67,03:50,29,Varias
2020-04-13,3195,"MADRID, RETIRO",MADRID,667,"12,9","1,1","7,6",08:40,"18,2",15:40,17,"1,1","6,7",00:00,"933,9",24,"930,6",18,54,82,Varias,35,00:00
2020-04-14,3195,"MADRID, RETIRO",MADRID,667,"13,9","3,0","11,0",06:10,"16,8",14:50,13,"1,4","9,7",15:30,"936,2",10,"932,6",15,64,74,19:40,52,15:30
2020-04-15,3195,"MADRID, RETIRO",MADRID,667,"11,8","18,1","8,4",08:50,"15,3",14:20,15,"3,1","15,0",13:30,"938,9",23,"932,8",05,71,87,08:40,55,14:40
2020-04-16,3195,"MADRID, RETIRO",MADRID,667,"14,2","3,5","9,8",05:10,"18,7",12:50,15,"2,8","12,5",13:20,"938,8",Varias,"934,6",14,71,87,Varias,45,12:40
2020-04-17,3195,"MADRID, RETIRO",MADRID,667,"14,2","0,0","10,5",05:10,"17,8",14:40,23,"1,9","8,6",14:00,"938,2",22,"936,8",18,58,85,05:30,40,14:30
2020-04-18,3195,"MADRID, RETIRO",MADRID,667,"15,4","3,3","10,4",06:15,"20,5",16:30,10,"1,1","6,4",22:40,"939,3",00,"933,4",20,51,81,02:10,36,16:30
2020-04-19,3195,"MADRID, RETIRO",MADRID,667,"13,6","5,2","9,2",23:59,"18,1",14:50,33,"1,4","8,6",16:00,"935,0",00,"931,6",16,72,95,07:00,44,15:40
2020-04-20,3195,"MADRID, RETIRO",MADRID,667,"13,1","0,4","7,6",05:20,"18,6",13:10,25,"1,9","10,8",16:10,"933,6",Varias,"929,9",19,59,88,06:10,40,13:10
2020-04-21,3195,"MADRID, RETIRO",MADRID,667,"11,4","0,1","7,8",06:10,"14,9",16:50,26,"1,4","8,3",02:30,"933,9",24,"928,7",05,63,82,05:30,48,Varias
2020-04-22,3195,"MADRID, RETIRO",MADRID,667,"14,4","0,0","9,1",05:30,"19,6",13:30,06,"1,1","6,1",21:20,"939,9",23,"933,7",01,51,78,06:40,36,13:40
2020-04-23,3195,"MADRID, RETIRO",MADRID,667,"16,2","0,0","12,4",06:15,"20,0",13:30,11,"1,4","5,3",15:00,"942,3",10,"938,6",18,53,76,05:40,44,Varias
2020-04-24,3195,"MADRID, RETIRO",MADRID,667,"16,6","0,0","11,2",05:40,"22,1",15:10,18,"1,7","6,9",15:10,"939,8",00,"933,7",18,53,81,06:00,33,15:40
2020-04-25,3195,"MADRID, RETIRO",MADRID,667,"17,3","0,0","11,6",03:50,"23,0",14:00,32,"1,7","8,3",15:00,"934,6",00,"931,0",15,48,70,Varias,36,14:30
2020-04-26,3195,"MADRID, RETIRO",MADRID,667,"16,5","0,0","12,2",05:20,"20,8",13:40,24,"2,2","10,0",14:10,"935,4",Varias,"932,3",17,55,83,06:00,35,14:30
2020-04-27,3195,"MADRID, RETIRO",MADRID,667,"13,7","0,0","10,1",06:45,"17,3",11:20,19,"2,8","10,3",15:30,"936,1",23,"933,1",16,54,79,07:00,40,18:00
2020-04-28,3195,"MADRID, RETIRO",MADRID,667,"12,6","0,0","7,7",05:40,"17,6",12:40,26,"2,8","10,0",18:20,"941,3",24,"935,3",02,56,86,06:10,38,Varias
2020-04-29,3195,"MADRID, RETIRO",MADRID,667,"13,4","0,0","7,1",04:50,"19,7",13:30,25,"3,1","13,6",14:20,"942,2",10,"939,5",16,54,85,05:50,32,13:50
2020-04-30,3195,"MADRID, RETIRO",MADRID,667,"15,0","0,0","10,4",06:00,"19,6",13:50,25,"3,9","12,5",00:20,"943,0",22,"938,9",03,55,77,Varias,41,13:00
2020-05-01,3195,"MADRID, RETIRO",MADRID,667,"16,4","0,0","10,9",04:30,"21,9",14:50,25,"2,8","10,3",00:30,"944,1",24,"941,0",04,61,83,05:00,46,Varias
2020-05-02,3195,"MADRID, RETIRO",MADRID,667,"19,0","0,0","12,0",05:40,"25,9",15:30,25,"1,9","9,2",15:50,"944,5",Varias,"941,0",19,51,87,06:00,30,15:00
2020-05-03,3195,"MADRID, RETIRO",MADRID,667,"20,6","0,0","12,4",05:40,"28,8",14:45,22,"1,1","6,1",12:50,"943,4",09,"937,4",24,43,78,Varias,26,17:00
2020-05-04,3195,"MADRID, RETIRO",MADRID,667,"23,3","0,0","16,6",05:00,"30,0",16:00,22,"2,8","13,9",15:20,"938,9",00,"934,7",16,41,55,05:30,26,15:30
2020-05-05,3195,"MADRID, RETIRO",MADRID,667,"18,3","0,0","12,9",23:59,"23,7",15:40,26,"2,2","9,7",16:20,"940,7",24,"938,9",Varias,35,65,05:50,20,18:00
2020-05-06,3195,"MADRID, RETIRO",MADRID,667,"17,8","0,0","10,1",05:20,"25,6",14:00,99,"0,6","7,2",Varias,"941,7",11,"938,6",19,35,60,06:20,22,15:20
2020-05-07,3195,"MADRID, RETIRO",MADRID,667,"20,4","0,0","14,8",04:50,"26,1",14:00,12,"3,3","10,8",21:20,"940,4",00,"937,7",17,39,48,Varias,34,17:40
2020-05-08,3195,"MADRID, RETIRO",MADRID,667,"21,6","0,0","15,7",05:30,"27,5",14:15,13,"1,7","7,2",00:40,"939,4",00,"934,2",Varias,40,54,06:20,33,Varias
2020-05-09,3195,"MADRID, RETIRO",MADRID,667,"18,1","0,1","13,0",23:40,"23,2",14:40,26,"2,8","10,0",21:10,"936,7",00,"931,2",16,51,79,06:00,32,14:50
2020-05-10,3195,"MADRID, RETIRO",MADRID,667,"14,4","0,0","9,3",06:10,"19,5",13:20,26,"3,9","12,2",11:10,"931,8",23,"929,4",18,53,87,Varias,34,13:10
2020-05-11,3195,"MADRID, RETIRO",MADRID,667,"14,8","1,2","10,0",06:10,"19,6",13:45,25,"3,6","12,2",14:10,"934,6",22,"930,0",01,55,83,23:59,41,13:40
2020-05-12,3195,"MADRID, RETIRO",MADRID,667,"12,2","19,3","9,3",23:50,"15,2",12:00,14,"3,1","8,3",12:20,"934,6",Varias,"930,0",Varias,78,90,21:30,63,12:00
2020-05-13,3195,"MADRID, RETIRO",MADRID,667,"14,0","9,0","9,3",Varias,"18,8",12:40,23,"1,7","7,8",13:10,"930,3",11,"927,5",Varias,56,89,Varias,39,14:30
2020-05-14,3195,"MADRID, RETIRO",MADRID,667,"11,9","11,4","9,1",08:30,"14,7",15:30,26,"1,4","7,5",04:10,"932,7",24,"925,3",04,68,87,07:30,49,15:20
2020-05-15,3195,"MADRID, RETIRO",MADRID,667,"14,4","13,2","9,7",Varias,"19,0",12:25,15,"1,1","7,8",15:10,"939,2",23,"933,5",Varias,68,86,Varias,40,Varias
2020-05-16,3195,"MADRID, RETIRO",MADRID,667,"15,6","0,8","10,8",05:00,"20,3",13:40,06,"3,1","10,6",08:10,"943,8",24,"938,6",05,51,83,00:00,37,Varias
2020-05-17,3195,"MADRID, RETIRO",MADRID,667,"16,0","0,0","9,5",05:30,"22,4",15:00,03,"1,9","11,4",04:00,"944,8",Varias,"942,4",03,41,62,07:00,29,Varias
2020-05-18,3195,"MADRID, RETIRO",MADRID,667,"18,9","0,0","10,6",05:45,"27,2",13:40,05,"1,1","9,2",23:10,"946,1",08,"942,8",Varias,37,68,05:40,22,Varias
2020-05-19,3195,"MADRID, RETIRO",MADRID,667,"21,2","0,0","13,1",05:20,"29,3",14:30,04,"0,8","7,5",00:10,"944,3",00,"940,9",17,32,60,05:30,21,13:00
2020-05-20,3195,"MADRID, RETIRO",MADRID,667,"22,8","0,0","14,6",05:30,"30,9",13:50,23,"1,1","7,2",14:00,"941,1",Varias,"938,7",16,31,61,03:40,18,16:00
2020-05-21,3195,"MADRID, RETIRO",MADRID,667,"23,3","0,0","15,0",04:20,"31,6",14:05,27,"1,7","6,7",18:20,"945,1",23,"941,6",04,32,55,03:30,19,15:40
2020-05-22,3195,"MADRID, RETIRO",MADRID,667,"24,2","0,0","16,4",04:40,"32,0",14:30,27,"1,7","9,2",12:00,"948,3",11,"944,7",03,37,63,04:40,27,15:30
2020-05-23,3195,"MADRID, RETIRO",MADRID,667,"25,0","0,0","17,5",05:20,"32,5",13:20,99,"1,9","11,7",Varias,"948,5",11,"945,3",00,36,63,05:20,25,Varias
2020-05-24,3195,"MADRID, RETIRO",MADRID,667,"24,0","0,0","17,7",05:00,"30,2",13:55,05,"1,7","10,6",00:10,"949,0",09,"944,8",21,42,63,05:40,34,16:10
2020-05-25,3195,"MADRID, RETIRO",MADRID,667,"24,0","1,8","17,2",23:50,"30,9",14:10,03,"1,9","11,7",19:20,"948,5",21,"945,3",18,56,77,17:00,36,13:40
2020-05-26,3195,"MADRID, RETIRO",MADRID,667,"21,0","0,0","16,7",04:50,"25,4",16:00,06,"2,5","8,1",00:40,"949,1",11,"945,6",18,55,76,Varias,44,16:30
2020-05-27,3195,"MADRID, RETIRO",MADRID,667,"23,5","0,0","17,0",04:50,"30,0",14:10,17,"2,5","9,2",18:40,"947,9",09,"944,1",20,38,69,04:30,26,Varias
2020-05-28,3195,"MADRID, RETIRO",MADRID,667,"23,4","0,0","17,3",05:20,"29,4",13:50,99,"1,7","7,2",Varias,"948,1",Varias,"941,5",19,34,52,02:10,25,14:30
2020-05-29,3195,"MADRID, RETIRO",MADRID,667,"23,2","0,0","15,7",05:50,"30,6",Varias,10,"1,1","6,7",07:10,"943,0",00,"936,0",17,36,56,05:50,24,13:50
2020-05-30,3195,"MADRID, RETIRO",MADRID,667,"24,8","0,0","17,9",05:40,"31,6",14:10,04,"1,7","6,7",00:10,"938,6",09,"934,5",18,33,49,02:30,26,15:30
2020-05-31,3195,"MADRID, RETIRO",MADRID,667,"23,0","37,8","15,4",17:40,"30,7",14:00,18,"2,2","18,3",17:10,"938,8",22,"932,4",18,55,86,17:50,30,14:10
2020-06-01,3195,"MADRID, RETIRO",MADRID,667,"21,1","0,0","14,9",05:20,"27,3",15:20,17,"0,8","5,3",13:20,"939,7",10,"937,1",Varias,45,85,06:00,29,Varias
2020-06-02,3195,"MADRID, RETIRO",MADRID,667,"23,0","0,0","17,5",05:30,"28,5",15:30,25,"1,1","8,3",17:00,"939,8",09,"935,6",18,40,68,04:50,25,17:30
2020-06-03,3195,"MADRID, RETIRO",MADRID,667,"22,0","4,5","16,0",05:10,"28,0",14:00,26,"2,8","11,7",15:10,"935,8",00,"929,6",24,44,83,21:30,34,Varias
2020-06-04,3195,"MADRID, RETIRO",MADRID,667,"18,9","0,0","14,9",07:10,"22,9",14:20,29,"3,6","12,8",17:00,"934,8",23,"927,3",04,49,83,Varias,29,Varias
2020-06-05,3195,"MADRID, RETIRO",MADRID,667,"20,2","0,0","12,7",05:30,"27,6",14:10,04,"1,4","7,5",00:20,"937,7",10,"934,5",18,36,67,04:50,22,Varias
2020-06-06,3195,"MADRID, RETIRO",MADRID,667,"21,4","0,0","15,6",04:10,"27,1",13:50,24,"2,8","13,6",16:40,"936,0",00,"930,7",19,41,66,06:10,28,18:00
2020-06-07,3195,"MADRID, RETIRO",MADRID,667,"18,8","2,0","13,0",23:59,"24,7",14:50,25,"1,4","10,6",14:10,"936,1",24,"931,0",05,58,75,18:10,36,00:00
2020-06-08,3195,"MADRID, RETIRO",MADRID,667,"17,1","0,0","11,0",Varias,"23,2",14:45,,"2,8",,,"941,2",24,"935,1",02,39,66,00:00,28,15:00
2020-06-09,3195,"MADRID, RETIRO",MADRID,667,"17,3","0,0","10,8",05:15,"23,8",14:30,,,,,"941,9",07,"939,1",17,,,,,
2020-06-10,3195,"MADRID, RETIRO",MADRID,667,"18,6","0,0","11,6",05:20,"25,5",13:30,,,,,"941,5",07,"931,3",24,,62,Varias,34,16:00
2020-06-11,3195,"MADRID, RETIRO",MADRID,667,"19,1","0,0","14,2",23:59,"24,0",12:20,,,,,"935,1",00,"927,5",18,,62,20:30,42,17:20
2020-06-12,3195,"MADRID, RETIRO",MADRID,667,"15,4","1,8","10,0",05:30,"20,9",12:50,,,,,"935,0",24,"929,3",01,52,93,23:59,43,13:00
2020-06-13,3195,"MADRID, RETIRO",MADRID,667,"16,8","0,0","10,3",Varias,"23,4",14:30,,,,,"940,9",22,"935,0",Varias,,92,Varias,33,Varias
2020-06-14,3195,"MADRID, RETIRO",MADRID,667,"19,2","0,0","12,9",03:30,"25,5",15:00,,,,,"943,8",24,"940,8",00,,70,04:00,35,Varias
2020-06-15,3195,"MADRID, RETIRO",MADRID,667,"20,6","0,0","14,1",05:40,"27,0",14:50,,,,,"944,7",12,"941,1",19,,,,,
2020-06-16,3195,"MADRID, RETIRO",MADRID,667,"20,7","0,0","15,8",04:40,"25,6",14:50,,,,,"944,3",00,"939,6",18,46,63,07:15,36,Varias
2020-06-17,3195,"MADRID, RETIRO",MADRID,667,"20,4","0,0","13,7",04:45,"27,1",14:40,,,,,"941,1",00,"936,5",18,,,,,
2020-06-18,3195,"MADRID, RETIRO",MADRID,667,"22,4","0,0","15,8",05:30,"28,9",14:50,,,,,"939,3",24,"935,6",03,35,55,05:30,24,18:00
2020-06-19,3195,"MADRID, RETIRO",MADRID,667,"23,4","0,0","16,5",05:20,"30,3",14:20,,,,,"942,9",24,"938,7",00,38,65,Varias,23,Varias
2020-06-20,3195,"MADRID, RETIRO",MADRID,667,"24,4","0,0","16,5",05:05,"32,3",13:45,,,,,"944,8",10,"942,2",00,29,50,06:10,20,Varias
2020-06-21,3195,"MADRID, RETIRO",MADRID,667,"26,4","0,0","18,8",05:30,"33,9",14:45,,,,,"947,5",10,"943,3",18,33,52,06:10,23,Varias
2020-06-22,3195,"MADRID, RETIRO",MADRID,667,"26,8","0,0","19,1",05:40,"34,4",13:40,,,,,"946,6",08,"940,5",19,34,54,05:30,23,Varias
2020-06-23,3195,"MADRID, RETIRO",MADRID,667,"28,9","0,0","21,6",05:20,"36,2",14:30,,,,,"942,8",08,"937,8",19,32,47,06:30,21,16:10
2020-06-24,3195,"MADRID, RETIRO",MADRID,667,"27,0","0,1","22,7",05:20,"31,3",15:45,,,,,"941,3",13,"938,4",02,40,49,07:00,30,17:30
2020-06-25,3195,"MADRID, RETIRO",MADRID,667,"28,2","0,0","21,7",05:15,"34,6",14:05,,,,,"939,9",00,"936,0",18,37,52,23:59,28,Varias
2020-06-26,3195,"MADRID, RETIRO",MADRID,667,"26,0","0,0","20,8",04:50,"31,2",14:30,,,,,"938,9",10,"936,7",18,36,54,01:20,26,16:50
2020-06-27,3195,"MADRID, RETIRO",MADRID,667,"25,3","0,0","18,5",05:00,"32,1",14:50,,,,,"941,2",08,"938,4",04,37,51,06:00,31,14:30
2020-06-28,3195,"MADRID, RETIRO",MADRID,667,"27,2","0,0","20,0",05:00,"34,4",14:15,,,,,"941,3",Varias,"938,3",16,37,55,05:00,27,16:50
2020-06-29,3195,"MADRID, RETIRO",MADRID,667,"28,8","0,0","21,2",05:00,"36,5",13:40,,"0,0",,,"941,3",10,"936,8",20,34,53,07:00,20,16:40
2020-06-30,3195,"MADRID, RETIRO",MADRID,667,"29,6","0,0","22,1",05:30,"37,0",13:40,,,,,"938,6",08,"933,9",18,34,57,05:50,21,14:40
2020-07-01,3195,"MADRID, RETIRO",MADRID,667,"28,0","0,0","20,7",05:40,"35,4",14:30,,,,,"937,5",23,"934,9",00,36,55,06:10,25,13:00
2020-07-02,3195,"MADRID, RETIRO",MADRID,667,"26,9","0,0","20,8",05:00,"33,0",14:00,,,,,"940,1",24,"936,9",03,36,56,06:20,25,13:30
2020-07-03,3195,"MADRID, RETIRO",MADRID,667,"23,9","0,0","16,6",05:20,"31,2",14:20,,,,,"943,8",23,"939,9",01,40,62,07:00,27,13:00
2020-07-04,3195,"MADRID, RETIRO",MADRID,667,"26,0","0,0","18,4",05:30,"33,5",14:00,,,,,"946,2",10,"942,3",18,30,45,05:50,22,18:00
2020-07-05,3195,"MADRID, RETIRO",MADRID,667,"27,9","0,0","20,3",05:00,"35,5",14:50,,,,,"945,6",09,"940,8",18,31,42,06:10,25,14:40
2020-07-06,3195,"MADRID, RETIRO",MADRID,667,"29,6","0,0","22,5",04:50,"36,8",14:20,,,,,"942,0",07,"938,4",18,36,49,06:10,29,Varias
2020-07-07,3195,"MADRID, RETIRO",MADRID,667,"30,1","0,0","22,4",Varias,"37,8",14:20,,"0,0",,,"940,5",09,"936,7",19,27,42,02:30,23,Varias
2020-07-08,3195,"MADRID, RETIRO",MADRID,667,"29,6","0,0","24,0",05:20,"35,1",15:10,,,,,"940,6",06,"935,7",Varias,32,39,06:30,26,14:40
2020-07-09,3195,"MADRID, RETIRO",MADRID,667,"27,6","0,0","21,0",23:59,"34,2",14:10,,"0,0",,,"941,2",09,"937,9",17,40,53,23:50,29,13:40
2020-07-10,3195,"MADRID, RETIRO",MADRID,667,"26,0","0,0","18,9",05:30,"33,1",14:00,,,,,"940,6",08,"937,5",18,39,58,05:30,30,18:00
2020-07-11,3195,"MADRID, RETIRO",MADRID,667,"28,8","0,6","21,6",06:00,"36,1",13:30,,,,,"941,0",07,"937,5",18,38,58,05:30,27,13:30
2020-07-12,3195,"MADRID, RETIRO",MADRID,667,"27,1","0,0","21,4",06:00,"32,8",13:00,,,,,"942,9",Varias,"938,8",00,46,72,06:10,34,15:30
2020-07-13,3195,"MADRID, RETIRO",MADRID,667,"27,0","0,0","19,8",04:30,"34,3",14:20,,,,,"943,1",07,"939,7",18,39,56,04:30,31,15:30
2020-07-14,3195,"MADRID, RETIRO",MADRID,667,"26,6","0,0","19,7",05:50,"33,5",14:10,,,,,,,,,25,51,Varias,21,18:00
2020-07-15,3195,"MADRID, RETIRO",MADRID,667,"25,3","0,0","18,1",05:50,"32,5",14:00,,,,,"941,5",24,"939,3",18,36,51,00:00,28,18:00
2020-07-16,3195,"MADRID, RETIRO",MADRID,667,"26,2","0,0","18,4",05:30,"34,1",14:50,99,"2,2","9,2",Varias,,,,,35,49,01:30,30,Varias
2020-07-17,3195,"MADRID, RETIRO",MADRID,667,"27,6","0,0","20,5",05:20,"34,6",14:30,07,"3,3","9,2",00:10,"943,4",10,"939,7",19,29,43,Varias,20,18:00
2020-07-18,3195,"MADRID, RETIRO",MADRID,667,"26,8","0,0","19,0",06:10,"34,7",15:00,29,"2,8","6,9",17:00,"940,9",07,"936,6",18,30,45,05:50,17,18:00
2020-07-19,3195,"MADRID, RETIRO",MADRID,667,"29,2","0,0","21,8",06:15,"36,7",14:10,24,"2,2","8,9",14:00,"939,5",09,"936,5",18,32,43,Varias,24,00:00
2020-07-20,3195,"MADRID, RETIRO",MADRID,667,"28,8","0,0","21,0",Varias,"36,6",14:10,23,"1,7","7,2",12:20,"940,0",Varias,"937,4",18,31,50,Varias,20,15:10
2020-07-21,3195,"MADRID, RETIRO",MADRID,667,"29,5","5,4","24,0",Varias,"35,0",12:30,10,"2,8","10,3",21:00,"941,8",Varias,"938,8",18,38,56,04:30,31,Varias
2020-07-22,3195,"MADRID, RETIRO",MADRID,667,"24,2","0,0","16,6",05:20,"31,7",15:20,,,,,"942,7",Varias,"940,5",18,39,80,01:00,25,17:00
2020-07-23,3195,"MADRID, RETIRO",MADRID,667,"28,8","0,0","21,6",05:50,"36,1",13:50,,,,,"942,1",00,"937,4",18,28,44,03:30,24,14:30
2020-07-24,3195,"MADRID, RETIRO",MADRID,667,"28,8","0,0","22,0",05:40,"35,7",14:10,,,,,,,,,33,54,07:00,20,16:50
2020-07-25,3195,"MADRID, RETIRO",MADRID,667,"29,4","0,0","22,2",06:00,"36,5",14:10,,,,,"939,8",09,"936,1",18,27,44,Varias,19,16:30
2020-07-26,3195,"MADRID, RETIRO",MADRID,667,"30,5","0,0","23,0",05:20,"38,0",14:10,,,,,"939,3",07,"937,5",18,25,39,05:00,17,Varias
2020-07-27,3195,"MADRID, RETIRO",MADRID,667,"32,2","0,0","25,0",Varias,"39,4",14:10,,,,,"940,3",11,"936,7",18,27,38,07:30,22,15:30
2020-07-28,3195,"MADRID, RETIRO",MADRID,667,"29,5","0,0","23,4",05:50,"35,6",13:50,,,,,"939,8",09,"937,8",19,35,45,06:40,26,Varias
2020-07-29,3195,"MADRID, RETIRO",MADRID,667,"30,2","0,0","23,2",06:20,"37,2",13:50,,,,,"940,1",11,"937,0",Varias,31,47,06:20,21,18:00
2020-07-30,3195,"MADRID, RETIRO",MADRID,667,"31,4","0,0","23,5",05:20,"39,2",14:35,,,,,"939,0",11,"934,7",18,30,42,Varias,21,Varias
2020-07-31,3195,"MADRID, RETIRO",MADRID,667,"30,9","0,0","24,0",Varias,"37,8",14:20,,"0,0",,,"940,3",11,"938,2",00,25,42,06:00,16,18:00
