fecha,indicativo,nombre,provincia,altitud,tmed,tmin,horatmin,tmax,horatmax,dir,velmedia,racha,horaracha,presMax,horaPresMax,presMin,horaPresMin,hrMedia,hrMax,horaHrMax,hrMin,horaHrMin,prec
2023-11-01,3195,"MADRID, RETIRO",MADRID,667,"11,3","8,3",00:20,"14,3",21:20,24,"3,1","16,7",23:10,"939,7",09,"933,7",24,95,99,Varias,89,22:30,
2023-11-02,3195,"MADRID, RETIRO",MADRID,667,"11,5","7,1",23:40,"15,9",13:30,24,"6,4","18,6",07:00,"933,7",00,"923,6",13,67,99,Varias,53,17:40,
2023-11-03,3195,"MADRID, RETIRO",MADRID,667,"10,1","7,1",00:00,"13,1",15:30,28,"4,4","11,9",12:40,"933,3",18,"930,7",13,83,94,08:20,58,15:30,
2023-11-04,3195,"MADRID, RETIRO",MADRID,667,"11,8","9,7",23:50,"13,9",16:50,28,"5,6","15,0",16:50,"932,3",00,"922,0",16,92,99,Varias,76,Varias,
2023-11-05,3195,"MADRID, RETIRO",MADRID,667,"11,0","8,5",05:50,"13,4",12:40,25,"2,8","11,7",00:10,"937,6",24,"928,4",00,77,93,07:30,62,13:20,
2023-11-06,3195,"MADRID, RETIRO",MADRID,667,"9,0","5,2",07:10,"12,9",15:20,25,"1,7","7,8",10:20,"944,1",Varias,"937,5",01,72,98,04:20,41,15:00,
2023-11-07,3195,"MADRID, RETIRO",MADRID,667,"6,8","3,4",07:00,"10,1",13:50,32,"1,4","6,7",01:20,"946,9",22,"943,9",01,83,96,22:30,68,01:50,
2023-11-08,3195,"MADRID, RETIRO",MADRID,667,"8,2","4,9",02:50,"11,5",14:20,24,"1,7","6,4",23:10,"947,8",09,"942,3",24,84,99,Varias,71,14:10,
2023-11-09,3195,"MADRID, RETIRO",MADRID,667,"12,6","9,6",Varias,"15,5",14:40,28,"2,2","8,3",09:30,"942,3",00,"940,0",04,74,98,Varias,47,13:40,
2023-11-10,3195,"MADRID, RETIRO",MADRID,667,"11,2","7,9",06:30,"14,6",14:50,22,"2,8","9,4",23:59,"942,5",11,"940,0",04,72,98,23:30,62,11:50,
2023-11-11,3195,"MADRID, RETIRO",MADRID,667,"14,6","11,5",00:00,"17,6",13:30,26,"3,6","11,7",03:00,"942,6",22,"939,1",05,89,98,Varias,81,13:10,
2023-11-12,3195,"MADRID, RETIRO",MADRID,667,"15,2","11,9",07:30,"18,6",14:30,28,"1,7","8,3",11:50,"947,2",22,"941,8",02,84,99,Varias,67,13:00,
2023-11-13,3195,"MADRID, RETIRO",MADRID,667,"14,8","11,6",23:50,"18,0",14:00,24,"1,7","6,4",10:20,"949,0",22,"946,3",04,85,99,00:30,71,15:00,
2023-11-14,3195,"MADRID, RETIRO",MADRID,667,"13,0","10,3",03:30,"15,8",15:10,16,"0,8","3,6",13:00,"949,2",Varias,"947,0",16,93,99,Varias,82,15:30,
2023-11-15,3195,"MADRID, RETIRO",MADRID,667,"13,1","10,5",23:00,"15,7",Varias,08,"1,4","4,7",02:10,"949,8",10,"947,0",16,90,99,Varias,78,14:20,
2023-11-16,3195,"MADRID, RETIRO",MADRID,667,"12,2","10,8",00:00,"13,7",Varias,16,"0,8","2,8",17:10,"949,0",22,"946,5",04,97,99,Varias,90,15:10,
2023-11-17,3195,"MADRID, RETIRO",MADRID,667,"13,5","10,9",07:00,"16,1",15:00,14,"0,8","3,9",14:30,"950,2",24,"947,5",Varias,91,99,Varias,77,13:30,
2023-11-18,3195,"MADRID, RETIRO",MADRID,667,"12,7","8,3",06:40,"17,1",15:40,06,"1,1","4,7",22:10,"950,6",10,"948,0",24,82,99,01:30,60,15:50,
2023-11-19,3195,"MADRID, RETIRO",MADRID,667,"12,9","8,3",06:20,"17,5",14:10,05,"1,1","3,6",02:00,"948,0",00,"943,8",16,79,99,07:00,56,14:50,
2023-11-20,3195,"MADRID, RETIRO",MADRID,667,"12,4","7,6",07:40,"17,3",15:40,30,"0,8","6,9",18:50,"944,3",00,"941,1",17,84,96,07:30,62,18:40,
2023-11-21,3195,"MADRID, RETIRO",MADRID,667,"10,4","7,5",07:20,"13,2",13:10,35,"2,5","11,1",22:20,"945,7",22,"942,3",01,59,89,03:40,46,13:30,
2023-11-22,3195,"MADRID, RETIRO",MADRID,667,"10,3","7,1",06:00,"13,5",12:20,02,"3,9","13,9",15:30,"946,2",24,"943,7",16,52,77,05:50,43,14:50,
2023-11-23,3195,"MADRID, RETIRO",MADRID,667,"8,4","3,0",07:20,"13,7",14:40,05,"1,7","8,9",13:10,"948,6",10,"944,2",24,52,84,06:30,20,13:10,"0,0"
2023-11-24,3195,"MADRID, RETIRO",MADRID,667,"9,0","3,1",06:40,"14,8",15:00,04,"0,8","3,9",05:30,"944,5",00,"939,2",15,59,86,08:40,40,13:10,"0,0"
2023-11-25,3195,"MADRID, RETIRO",MADRID,667,"9,4","3,3",07:10,"15,5",15:10,05,"1,1","5,0",22:50,"940,6",09,"937,7",15,69,94,Varias,45,15:00,"0,0"
2023-11-26,3195,"MADRID, RETIRO",MADRID,667,"9,0","4,9",07:20,"13,2",15:30,05,"1,1","6,4",03:10,"941,2",10,"938,6",01,67,86,Varias,53,14:20,"0,0"
2023-11-27,3195,"MADRID, RETIRO",MADRID,667,"8,0","5,2",Varias,"10,8",16:00,25,"1,7","5,0",20:00,"940,7",11,"937,5",16,90,99,Varias,83,13:30,"0,0"
2023-11-28,3195,"MADRID, RETIRO",MADRID,667,"9,6","7,1",01:20,"12,0",14:20,24,"1,4","8,6",23:10,"938,9",00,"935,0",24,92,99,Varias,84,14:50,"0,0"
2023-11-29,3195,"MADRID, RETIRO",MADRID,667,"12,4","11,0",08:00,"13,7",15:30,24,"2,8","8,6",15:40,"935,0",00,"930,3",Varias,95,99,07:40,84,16:00,
2023-11-30,3195,"MADRID, RETIRO",MADRID,667,"13,4","12,1",06:40,"14,6",15:20,25,"3,1","14,7",15:40,"930,3",00,"922,3",24,96,99,Varias,81,12:10,
2023-12-01,3195,"MADRID, RETIRO",MADRID,667,"9,2","5,8",Varias,"12,5",02:00,26,"3,1","10,8",09:50,"934,3",24,"920,2",03,70,99,Varias,50,12:20,"0,0"
2023-12-02,3195,"MADRID, RETIRO",MADRID,667,"7,0","4,1",07:30,"10,0",Varias,30,"1,9","7,2",02:20,"943,9",24,"934,3",00,66,83,07:20,53,13:50,"0,0"
2023-12-03,3195,"MADRID, RETIRO",MADRID,667,"4,6","1,8",05:50,"7,5",15:50,23,"1,4","4,2",17:30,"945,2",Varias,"940,1",24,80,92,Varias,73,18:00,"0,0"
2023-12-04,3195,"MADRID, RETIRO",MADRID,667,"7,5","4,9",04:00,"10,1",15:40,24,"1,4","8,1",15:00,"941,2",23,"938,7",16,91,97,Varias,78,15:50,"0,0"
2023-12-05,3195,"MADRID, RETIRO",MADRID,667,"6,5","4,9",07:40,"8,1",Varias,04,"1,9","7,8",23:59,"942,3",11,"937,5",24,65,81,00:10,58,13:10,"0,0"
2023-12-06,3195,"MADRID, RETIRO",MADRID,667,"6,0","2,9",07:30,"9,1",14:30,04,"0,8","6,9",00:20,"943,0",24,"937,1",04,77,96,Varias,62,14:10,"0,0"
2023-12-07,3195,"MADRID, RETIRO",MADRID,667,"6,1","3,6",06:30,"8,6",23:30,18,"1,1","7,2",20:30,"943,7",10,"939,4",21,94,99,Varias,87,04:00,"14,2"
2023-12-08,3195,"MADRID, RETIRO",MADRID,667,"8,8","5,9",07:10,"11,6",13:20,29,"3,6","13,3",13:20,"947,0",24,"939,4",05,68,99,Varias,49,13:40,"0,0"
2023-12-09,3195,"MADRID, RETIRO",MADRID,667,"9,2","5,8",01:50,"12,7",14:10,27,"1,4","7,5",11:30,"948,9",24,"945,8",04,93,99,22:30,76,00:00,"0,0"
2023-12-10,3195,"MADRID, RETIRO",MADRID,667,"11,2","10,4",07:50,"12,1",14:10,22,"1,1","5,0",13:50,"949,9",10,"947,5",15,96,99,Varias,93,Varias,"0,1"
2023-12-11,3195,"MADRID, RETIRO",MADRID,667,"10,9","9,0",23:00,"12,8",14:10,23,"1,1","4,7",01:20,"947,8",11,"944,5",24,85,98,00:00,77,13:40,"0,0"
2023-12-12,3195,"MADRID, RETIRO",MADRID,667,"9,9","7,7",03:20,"12,1",18:40,25,"1,1","8,1",17:20,"944,5",00,"937,5",23,96,99,Varias,92,14:10,"3,4"
2023-12-13,3195,"MADRID, RETIRO",MADRID,667,"9,0","6,6",23:59,"11,3",14:10,34,"3,6","12,8",13:10,"944,3",24,"937,7",00,60,99,Varias,50,15:40,"0,0"
2023-12-14,3195,"MADRID, RETIRO",MADRID,667,"6,8","2,6",07:40,"11,1",15:00,99,"1,4","9,2",Varias,"954,0",24,"944,1",01,69,95,08:10,49,14:30,"0,0"
2023-12-15,3195,"MADRID, RETIRO",MADRID,667,"9,0","4,8",03:50,"13,1",14:50,03,"1,9","6,7",05:00,"957,4",10,"954,0",00,67,86,22:40,52,Varias,"0,0"
2023-12-16,3195,"MADRID, RETIRO",MADRID,667,"6,6","2,0",06:40,"11,1",14:40,04,"0,8","4,7",00:40,"958,2",11,"955,4",Varias,69,90,04:10,44,15:20,"0,0"
2023-12-17,3195,"MADRID, RETIRO",MADRID,667,"6,6","1,9",06:20,"11,4",14:50,06,"0,8","5,0",23:20,"958,5",10,"956,1",15,68,89,04:40,44,15:30,"0,0"
2023-12-18,3195,"MADRID, RETIRO",MADRID,667,"6,2","1,3",07:20,"11,0",15:50,05,"0,6","3,6",05:50,"957,8",11,"954,6",17,73,89,Varias,50,15:10,"0,0"
2023-12-19,3195,"MADRID, RETIRO",MADRID,667,"6,0","1,1",07:50,"10,9",15:10,03,"1,4","3,3",00:10,"954,7",00,"950,0",Varias,75,96,05:50,49,13:30,"0,2"
2023-12-20,3195,"MADRID, RETIRO",MADRID,667,"6,8","1,8",02:40,"11,9",13:40,06,"3,1","13,9",15:00,"951,1",23,"948,4",14,61,99,08:20,35,13:40,"0,0"
2023-12-21,3195,"MADRID, RETIRO",MADRID,667,"6,9","2,2",07:30,"11,6",15:50,04,"1,1","6,7",00:30,"951,8",10,"949,2",04,73,92,07:50,47,15:20,"0,0"
2023-12-22,3195,"MADRID, RETIRO",MADRID,667,"7,6","2,2",07:50,"13,1",15:00,08,"1,1","6,1",06:20,"951,5",10,"948,6",15,69,94,Varias,47,14:50,"0,0"
2023-12-23,3195,"MADRID, RETIRO",MADRID,667,"7,6","2,5",08:10,"12,6",14:20,06,"1,1","5,8",10:50,"949,2",Varias,"946,4",15,64,93,08:10,36,13:30,"0,0"
2023-12-24,3195,"MADRID, RETIRO",MADRID,667,"6,4","1,9",08:10,"10,8",14:30,99,"1,1","4,2",Varias,"948,0",10,"945,1",15,71,89,04:10,53,15:20,"0,0"
2023-12-25,3195,"MADRID, RETIRO",MADRID,667,"5,2","0,7",06:40,"9,7",14:20,04,"1,1","3,9",03:30,"946,9",00,"944,1",16,82,97,Varias,62,14:20,"0,0"
2023-12-26,3195,"MADRID, RETIRO",MADRID,667,"4,4","0,4",07:30,"8,3",15:00,17,"1,1","3,6",12:40,"947,1",10,"944,3",15,87,98,23:30,69,14:40,"0,0"
2023-12-27,3195,"MADRID, RETIRO",MADRID,667,"4,6","-0,2",07:50,"9,3",14:40,20,"0,8","3,9",14:00,"947,9",23,"945,1",14,76,99,Varias,55,14:30,"0,0"
2023-12-28,3195,"MADRID, RETIRO",MADRID,667,"4,0","0,9",04:00,"7,1",14:50,09,"0,6","3,9",06:50,"948,9",11,"946,7",14,78,95,00:40,67,15:40,"0,0"
2023-12-29,3195,"MADRID, RETIRO",MADRID,667,"6,1","3,7",03:40,"8,5",15:10,04,"1,1","5,0",13:30,"947,7",00,"943,5",15,79,89,Varias,54,15:00,"0,0"
2023-12-30,3195,"MADRID, RETIRO",MADRID,667,"6,2","1,8",05:50,"10,7",15:20,23,"0,8","5,3",20:20,"944,8",11,"940,9",16,79,97,08:30,61,12:40,"0,0"
2023-12-31,3195,"MADRID, RETIRO",MADRID,667,"7,2","5,0",00:10,"9,4",15:10,24,"2,8","7,8",10:20,"941,8",Varias,"939,5",05,91,97,08:30,79,21:50,"0,0"
2024-01-01,3195,"MADRID, RETIRO",MADRID,667,"6,6","3,8",08:50,"9,4",15:40,23,"1,4","6,4",15:50,"945,1",23,"940,8",03,85,99,Varias,62,15:30,"0,0"
2024-01-02,3195,"MADRID, RETIRO",MADRID,667,"5,5","2,8",05:50,"8,2",23:40,14,"0,3","4,4",02:10,"945,2",11,"941,7",24,92,99,Varias,83,13:20,"2,0"
2024-01-03,3195,"MADRID, RETIRO",MADRID,667,"10,1","8,1",00:00,"12,1",14:50,26,"1,7","7,2",16:00,"942,7",10,"940,1",18,99,99,Varias,91,22:00,"2,7"
2024-01-04,3195,"MADRID, RETIRO",MADRID,667,"9,4","8,2",00:40,"10,6",11:50,29,"1,1","4,7",19:50,"941,9",00,"931,8",24,99,99,Varias,96,11:50,"9,7"
2024-01-05,3195,"MADRID, RETIRO",MADRID,667,"6,6","4,6",06:20,"8,6",00:00,29,"3,6","12,2",22:00,"936,3",24,"929,8",05,71,99,Varias,53,15:40,"0,1"
2024-01-06,3195,"MADRID, RETIRO",MADRID,667,"6,6","3,6",08:40,"9,6",15:20,30,"2,8","10,8",00:10,"943,2",23,"936,3",00,61,78,22:20,41,15:40,"0,0"
2024-01-07,3195,"MADRID, RETIRO",MADRID,667,"5,6","1,8",23:50,"9,3",15:10,99,"1,9","6,1",Varias,"945,0",10,"942,5",Varias,60,87,08:20,40,14:30,"0,0"
2024-01-08,3195,"MADRID, RETIRO",MADRID,667,"2,7","-0,8",08:10,"6,2",15:10,23,"1,1","3,9",21:30,"943,7",00,"940,7",15,69,93,08:00,51,13:50,"0,0"
2024-01-09,3195,"MADRID, RETIRO",MADRID,667,"5,6","4,1",07:10,"7,2",15:00,10,"1,1","3,9",20:10,"941,9",10,"939,7",16,79,89,Varias,71,00:10,"0,0"
2024-01-10,3195,"MADRID, RETIRO",MADRID,667,"6,4","4,7",07:30,"8,0",14:40,26,"1,9","6,9",14:50,"941,9",11,"939,3",19,90,98,Varias,81,14:30,"0,2"
2024-01-11,3195,"MADRID, RETIRO",MADRID,667,"5,0","2,3",23:50,"7,6",14:20,08,"2,2","7,8",17:30,"945,7",23,"939,9",01,71,99,01:20,53,14:30,"0,0"
2024-01-12,3195,"MADRID, RETIRO",MADRID,667,"3,2","-0,4",07:30,"6,9",15:20,05,"1,7","6,7",00:50,"948,1",11,"945,0",01,64,79,Varias,49,16:20,"0,0"
2024-01-13,3195,"MADRID, RETIRO",MADRID,667,"5,6","2,2",01:20,"9,0",15:40,04,"0,3","5,3",02:30,"948,5",10,"944,2",24,73,83,20:40,65,13:10,"0,0"
2024-01-14,3195,"MADRID, RETIRO",MADRID,667,"7,2","5,8",06:50,"8,6",23:50,03,"1,1","6,4",11:50,"944,4",00,"939,4",24,92,99,Varias,79,00:10,"4,3"
2024-01-15,3195,"MADRID, RETIRO",MADRID,667,"10,8","8,4",00:00,"13,3",15:00,25,"2,5","10,3",13:20,"939,4",00,"935,9",15,99,99,Varias,93,15:30,"2,6"
2024-01-16,3195,"MADRID, RETIRO",MADRID,667,"12,4","11,1",22:10,"13,7",Varias,25,"2,8","11,7",04:20,"937,4",00,"931,0",24,85,99,Varias,68,19:10,"7,5"
2024-01-17,3195,"MADRID, RETIRO",MADRID,667,"11,2","10,0",07:30,"12,3",16:20,26,"3,3","15,0",21:50,"931,0",00,"925,1",08,92,99,Varias,80,Varias,"1,1"
2024-01-18,3195,"MADRID, RETIRO",MADRID,667,"12,2","10,0",05:40,"14,3",14:00,99,"3,9","14,2",Varias,"933,7",18,"930,6",00,85,99,23:30,69,14:50,"12,4"
2024-01-19,3195,"MADRID, RETIRO",MADRID,667,"7,2","3,6",22:20,"10,8",00:40,05,"5,8","14,2",23:00,"936,9",24,"927,3",14,94,99,Varias,76,23:40,"16,3"
2024-01-20,3195,"MADRID, RETIRO",MADRID,667,"6,3","2,7",06:40,"9,9",14:50,05,"1,7","12,8",00:20,"952,1",24,"936,9",00,74,93,20:50,50,11:30,"0,0"
2024-01-21,3195,"MADRID, RETIRO",MADRID,667,"7,5","4,0",08:20,"11,0",16:10,05,"1,4","4,2",03:40,"956,4",23,"951,6",02,77,97,23:59,61,14:30,"0,0"
2024-01-22,3195,"MADRID, RETIRO",MADRID,667,"6,8","3,1",06:30,"10,6",15:40,10,"0,8","3,3",20:10,"958,6",Varias,"955,8",00,87,99,Varias,71,15:20,"0,0"
2024-01-23,3195,"MADRID, RETIRO",MADRID,667,"9,6","4,4",07:00,"14,9",15:30,08,"0,8","3,6",03:40,"960,3",11,"957,8",04,85,99,Varias,67,15:30,"0,0"
2024-01-24,3195,"MADRID, RETIRO",MADRID,667,"11,7","5,9",07:40,"17,5",15:00,05,"0,3","5,0",23:20,"960,4",11,"957,6",17,78,98,01:30,60,14:10,"0,0"
2024-01-25,3195,"MADRID, RETIRO",MADRID,667,"11,6","5,9",07:30,"17,3",15:00,05,"0,3","4,2",01:40,"957,8",00,"953,9",18,71,86,00:50,54,15:50,"0,0"
2024-01-26,3195,"MADRID, RETIRO",MADRID,667,"12,4","5,9",07:40,"18,8",15:10,06,"1,1","4,2",23:50,"955,2",Varias,"952,2",17,62,91,03:30,35,13:50,"0,0"
2024-01-27,3195,"MADRID, RETIRO",MADRID,667,"13,8","9,6",07:40,"18,0",14:50,05,"1,7","4,7",01:30,"952,7",Varias,"949,3",16,53,72,01:10,39,14:50,"0,0"
2024-01-28,3195,"MADRID, RETIRO",MADRID,667,"12,2","8,0",06:30,"16,3",15:00,04,"1,4","5,3",08:50,"951,0",11,"948,9",16,64,77,06:20,45,14:40,"0,0"
2024-01-29,3195,"MADRID, RETIRO",MADRID,667,"11,3","7,7",07:50,"14,9",13:40,08,"1,1","4,7",01:00,"952,8",Varias,"949,6",16,67,88,22:30,45,Varias,"0,0"
2024-01-30,3195,"MADRID, RETIRO",MADRID,667,"9,4","5,9",Varias,"13,0",Varias,13,"1,1","3,9",15:20,"955,0",23,"952,1",15,81,96,05:10,66,14:00,"0,0"
2024-01-31,3195,"MADRID, RETIRO",MADRID,667,"7,6","4,7",08:10,"10,5",15:20,99,"1,7","4,2",Varias,"956,8",10,"954,5",Varias,85,98,23:30,76,14:30,"0,0"
2024-02-01,3195,"MADRID, RETIRO",MADRID,667,"10,7","4,6",03:40,"16,8",14:40,99,"1,4","5,6",Varias,"957,3",Varias,"953,9",17,61,99,03:20,39,14:40,"0,0"
2024-02-02,3195,"MADRID, RETIRO",MADRID,667,"10,0","5,2",07:40,"14,8",14:20,09,"1,1","9,4",11:40,"954,1",00,"951,8",15,62,88,04:40,46,17:10,"0,0"
2024-02-03,3195,"MADRID, RETIRO",MADRID,667,"10,6","5,9",07:50,"15,2",15:20,06,"1,7","6,7",09:30,"954,4",Varias,"952,4",17,57,81,05:40,38,Varias,"0,0"
2024-02-04,3195,"MADRID, RETIRO",MADRID,667,"10,6","4,6",06:30,"16,6",15:00,06,"1,1","3,3",00:10,"954,1",11,"951,6",16,50,76,06:10,28,16:30,"0,0"
2024-02-05,3195,"MADRID, RETIRO",MADRID,667,"9,8","4,6",07:20,"14,9",15:10,04,"0,8","5,6",04:20,"952,7",00,"949,0",17,61,80,07:20,42,14:20,"0,0"
2024-02-06,3195,"MADRID, RETIRO",MADRID,667,"9,8","5,9",Varias,"13,7",Varias,27,"1,4","5,3",19:10,"949,3",00,"946,3",Varias,72,93,23:59,55,14:20,"0,0"
2024-02-07,3195,"MADRID, RETIRO",MADRID,667,,,,,,,"2,5",,,,,,,90,,,,,"0,0"
2024-02-08,3195,"MADRID, RETIRO",MADRID,667,"10,6","8,5",Varias,"12,6",16:00,22,"2,8","13,1",16:30,"941,6",00,"924,2",24,83,99,Varias,50,15:50,"6,2"
2024-02-09,3195,"MADRID, RETIRO",MADRID,667,"9,8","7,9",Varias,"11,7",12:30,24,"3,3","11,7",18:10,"924,2",00,"911,3",17,,,,,,"5,9"
2024-02-10,3195,"MADRID, RETIRO",MADRID,667,"8,3","5,3",22:40,"11,3",13:10,32,"3,3","15,3",13:40,"930,5",24,"913,2",00,56,99,01:00,47,16:40,"0,4"
2024-02-11,3195,"MADRID, RETIRO",MADRID,667,"6,3","4,3",07:30,"8,3",13:00,27,"3,1","8,6",02:40,"934,3",11,"930,4",00,79,97,Varias,61,01:20,"0,1"
2024-02-12,3195,"MADRID, RETIRO",MADRID,667,"10,8","6,0",Varias,"15,7",16:00,25,"3,3","9,7",14:50,"942,3",22,"931,1",04,,,,,,"0,0"
2024-02-13,3195,"MADRID, RETIRO",MADRID,667,"13,0","10,1",05:20,"16,0",15:40,25,"1,1","5,3",14:10,"947,2",23,"941,2",01,87,,,,,"0,0"
2024-02-14,3195,"MADRID, RETIRO",MADRID,667,"14,2","11,1",00:00,"17,3",15:10,03,"1,9","5,3",10:40,"947,2",09,"942,1",24,83,,,,,"0,0"
2024-02-15,3195,"MADRID, RETIRO",MADRID,667,"12,2","10,4",23:59,"14,0",Varias,27,"2,2","8,3",22:00,"942,2",00,"937,3",16,88,98,Varias,70,11:30,"4,3"
2024-02-16,3195,"MADRID, RETIRO",MADRID,667,"11,7","8,3",23:50,"15,1",13:30,28,"1,1","8,1",03:00,"949,4",24,"939,8",00,62,90,00:10,48,14:00,"0,0"
2024-02-17,3195,"MADRID, RETIRO",MADRID,667,"10,8","4,8",07:00,"16,8",15:00,06,"0,8","6,1",21:00,"954,5",23,"949,0",02,57,94,07:30,29,15:20,"0,0"
2024-02-18,3195,"MADRID, RETIRO",MADRID,667,"11,4","5,5",07:00,"17,4",16:30,06,"1,1","5,6",00:10,"956,6",10,"953,7",16,52,76,Varias,31,15:50,"0,0"
2024-02-19,3195,"MADRID, RETIRO",MADRID,667,"13,0","7,5",05:10,"18,5",13:50,08,"0,8","5,8",20:20,"954,6",00,"951,1",17,64,89,07:50,44,23:00,"0,0"
2024-02-20,3195,"MADRID, RETIRO",MADRID,667,"12,2","5,7",07:40,"18,8",15:00,05,"1,4","5,3",00:10,"952,7",00,"948,9",16,52,75,06:30,26,14:10,"0,0"
2024-02-21,3195,"MADRID, RETIRO",MADRID,667,"10,7","6,1",Varias,"15,3",15:10,28,"1,1","5,8",22:20,"949,6",00,"943,6",24,63,87,02:00,49,13:50,"0,0"
2024-02-22,3195,"MADRID, RETIRO",MADRID,667,"10,2","7,7",23:59,"12,6",13:30,23,"5,0","15,0",13:10,"943,6",00,"931,5",19,83,99,20:00,53,23:50,"4,5"
2024-02-23,3195,"MADRID, RETIRO",MADRID,667,"6,8","4,1",07:50,"9,6",13:50,26,"3,6","11,7",14:10,"934,9",08,"931,8",16,66,80,21:00,52,Varias,"0,2"
2024-02-24,3195,"MADRID, RETIRO",MADRID,667,"6,8","3,4",07:20,"10,3",14:20,32,"2,8","11,9",14:40,"938,4",22,"931,3",04,60,91,02:10,40,14:00,"0,0"
2024-02-25,3195,"MADRID, RETIRO",MADRID,667,"9,9","6,1",Varias,"13,7",13:00,25,"5,8","15,8",15:00,"937,9",00,"928,1",24,85,99,07:30,71,12:50,"0,3"
2024-02-26,3195,"MADRID, RETIRO",MADRID,667,"8,8","6,1",23:00,"11,5",13:20,32,"3,6","13,3",08:50,"934,8",23,"926,4",05,61,99,00:30,39,13:20,"0,0"
2024-02-27,3195,"MADRID, RETIRO",MADRID,667,"7,8","4,0",07:20,"11,7",13:40,04,"2,8","13,6",10:40,"942,8",23,"934,3",00,47,65,07:10,36,13:40,"0,0"
2024-02-28,3195,"MADRID, RETIRO",MADRID,667,"8,2","2,2",07:00,"14,1",13:30,04,"3,1","11,4",12:10,"943,8",Varias,"942,0",05,49,69,Varias,36,15:00,"0,0"
2024-02-29,3195,"MADRID, RETIRO",MADRID,667,"8,3","2,6",06:50,"14,0",13:20,32,"3,6","13,3",16:50,"943,1",00,"936,7",17,62,90,07:10,38,18:00,"0,0"
2024-03-01,3195,"MADRID, RETIRO",MADRID,667,"8,2","3,2",06:40,"13,2",13:40,25,"3,6","10,6",14:00,"941,7",Varias,"934,9",24,51,82,23:59,40,13:40,"0,0"
2024-03-02,3195,"MADRID, RETIRO",MADRID,667,"5,5","2,3",16:50,"8,7",14:00,23,"4,4","14,7",12:40,"935,0",00,"921,5",16,90,98,18:20,74,23:40,"11,7"
2024-03-03,3195,"MADRID, RETIRO",MADRID,667,"6,3","2,5",06:50,"10,1",15:30,30,"4,2","14,2",15:50,"937,8",24,"927,9",00,55,80,01:50,40,13:40,"0,0"
2024-03-04,3195,"MADRID, RETIRO",MADRID,667,"9,6","6,1",Varias,"13,1",15:50,26,"3,3","11,9",15:50,"942,2",24,"937,7",04,82,95,06:40,57,22:10,"0,0"
2024-03-05,3195,"MADRID, RETIRO",MADRID,667,"9,5","5,3",03:40,"13,7",14:10,32,"1,4","7,8",06:10,"945,5",11,"942,1",00,51,74,03:30,34,15:00,"0,0"
2024-03-06,3195,"MADRID, RETIRO",MADRID,667,,,,,,,,,,,,,,,,,,,"0,0"
2024-03-07,3195,"MADRID, RETIRO",MADRID,667,,,,,,,,,,,,,,,,,,,"2,2"
2024-03-08,3195,"MADRID, RETIRO",MADRID,667,"7,6","4,4",04:10,"10,8",14:50,24,"4,4","15,3",10:30,"929,1",00,"920,2",24,74,99,Varias,50,14:50,"9,0"
2024-03-09,3195,"MADRID, RETIRO",MADRID,667,"6,6","4,4",20:20,"8,8",13:40,27,"4,2","13,6",15:50,"920,2",00,"917,1",15,86,,,,,"2,3"
2024-03-10,3195,"MADRID, RETIRO",MADRID,667,"8,6","4,6",00:00,"12,7",16:30,27,"3,6","12,5",13:30,"934,0",24,"919,7",02,80,,,,,"0,4"
2024-03-11,3195,"MADRID, RETIRO",MADRID,667,"10,0","6,1",Varias,"13,9",13:30,29,"4,2","10,3",06:50,"944,1",24,"933,9",00,49,75,02:20,36,13:30,"0,0"
2024-03-12,3195,"MADRID, RETIRO",MADRID,667,"10,6","4,6",07:10,"16,5",15:50,25,"1,4","4,7",15:20,"945,1",10,"941,9",24,57,87,07:20,36,Varias,"0,0"
2024-03-13,3195,"MADRID, RETIRO",MADRID,667,"12,4","6,1",05:40,"18,6",16:10,13,"1,1","5,6",13:40,"941,9",00,"937,6",16,54,81,05:40,34,Varias,"0,0"
2024-03-14,3195,"MADRID, RETIRO",MADRID,667,"11,9","6,9",07:10,"16,9",13:00,26,"2,8","9,2",12:30,"942,9",23,"938,4",03,67,90,23:59,55,13:00,"0,0"
2024-03-15,3195,"MADRID, RETIRO",MADRID,667,"12,1","6,3",06:10,"17,9",15:30,24,"1,1","4,7",16:50,"946,3",23,"942,3",03,75,99,07:00,55,15:20,"0,0"
2024-03-16,3195,"MADRID, RETIRO",MADRID,667,"14,0","8,9",05:00,"19,2",15:50,25,"1,1","6,4",16:20,"948,5",09,"945,7",17,78,99,Varias,51,15:50,"0,0"
2024-03-17,3195,"MADRID, RETIRO",MADRID,667,"16,0","10,9",04:10,"21,0",15:50,29,"1,1","4,7",16:20,"946,3",00,"942,3",17,68,94,04:10,47,15:50,"0,0"
2024-03-18,3195,"MADRID, RETIRO",MADRID,667,"15,9","10,6",06:10,"21,2",16:10,04,"1,1","5,6",03:50,"942,9",01,"939,5",24,67,94,06:20,43,16:20,"0,0"
2024-03-19,3195,"MADRID, RETIRO",MADRID,667,"18,0","12,5",07:00,"23,5",13:50,24,"1,4","6,7",14:50,"939,8",09,"936,6",18,54,84,06:50,29,15:30,"0,0"
2024-03-20,3195,"MADRID, RETIRO",MADRID,667,"18,2","13,0",06:20,"23,5",13:40,16,"1,9","10,8",19:40,"939,8",24,"935,6",Varias,50,71,03:10,38,13:40,"0,2"
2024-03-21,3195,"MADRID, RETIRO",MADRID,667,"18,9","13,4",02:20,"24,4",14:50,12,"2,8","8,9",15:10,"944,4",22,"939,8",00,48,83,07:30,30,15:10,"0,4"
2024-03-22,3195,"MADRID, RETIRO",MADRID,667,"19,6","13,7",Varias,"25,5",13:40,04,"2,5","7,2",09:10,"944,3",00,"939,4",18,43,66,Varias,29,13:40,"0,0"
2024-03-23,3195,"MADRID, RETIRO",MADRID,667,"18,6","12,9",06:40,"24,4",14:30,05,"2,8","8,9",09:00,"942,5",10,"938,2",18,46,67,06:40,34,18:10,"0,0"
2024-03-24,3195,"MADRID, RETIRO",MADRID,667,"17,4","12,5",Varias,"22,2",14:30,06,"2,8","7,5",08:40,"939,6",00,"929,4",24,47,67,02:30,33,13:50,"1,8"
2024-03-25,3195,"MADRID, RETIRO",MADRID,667,"12,0","9,0",23:59,"14,9",00:00,14,"1,7","8,1",00:50,"929,5",00,"915,9",19,89,99,08:30,60,23:30,"0,5"
2024-03-26,3195,"MADRID, RETIRO",MADRID,667,"7,2","3,7",21:20,"10,6",15:40,26,"4,4","15,0",18:10,"919,5",24,"916,3",03,63,99,23:20,43,12:00,"1,5"
2024-03-27,3195,"MADRID, RETIRO",MADRID,667,"9,0","4,2",00:10,"13,8",12:30,99,"5,8","17,2",Varias,"922,0",11,"917,8",19,88,97,Varias,59,12:20,"1,1"
2024-03-28,3195,"MADRID, RETIRO",MADRID,667,"11,8","6,8",07:00,"16,8",15:20,24,"3,6","15,6",15:00,"925,9",10,"920,8",00,72,99,Varias,51,13:00,"12,2"
2024-03-29,3195,"MADRID, RETIRO",MADRID,667,"7,9","4,9",22:40,"10,9",01:20,99,"2,5","9,4",Varias,"922,4",22,"919,0",13,94,99,Varias,79,17:00,"6,3"
2024-03-30,3195,"MADRID, RETIRO",MADRID,667,"8,6","5,0",00:10,"12,2",13:00,21,"2,8","10,8",09:50,"921,8",00,"916,0",17,84,99,Varias,58,13:40,"12,9"
2024-03-31,3195,"MADRID, RETIRO",MADRID,667,"8,2","5,0",01:40,"11,3",15:20,23,"3,6","11,7",15:20,"928,7",24,"916,7",07,80,99,Varias,59,15:20,"2,6"
